{
  "resourceType": "ChargeItemDefinition",
  "id": "cid-lab-service-widal",
  "meta": {
    "profile": [
      "https://github.com/oscarmakala/div-lab-ig/StructureDefinition/LabServiceDefinition"
    ]
  },
  "url": "https://github.com/oscarmakala/div-lab-ig/ChargeItemDefinition/cid-lab-service-widal",
  "status": "active",
  "propertyGroup": [
    {
      "priceComponent": [
        {
          "type": "base",
          "amount": {
            "value": 1000,
            "currency": "TZS"
          }
        }
      ]
    }
  ]
}