{
  "resourceType": "ChargeItemDefinition",
  "id": "cid-lab-h-pylori",
  "meta": {
    "profile": [
      "http://omega.com/healthcare/IS-H/fhir/StructureDefinition/LabServiceDefinition"
    ]
  },
  "url": "http://omega.com/healthcare/IS-H/fhir/ChargeItemDefinition/cid-lab-h-pylori",
  "status": "active",
  "propertyGroup": [
    {
      "priceComponent": [
        {
          "type": "base",
          "amount": {
            "value": 1000,
            "currency": "TZS"
          }
        }
      ]
    }
  ]
}