{
  "resourceType": "Composition",
  "id": "generic-lab-compendium-header",
  "meta": {
    "profile": [
      "https://github.com/oscarmakala/div-lab-ig/StructureDefinition/CatalogHeader"
    ]
  },
  "language": "en-US",
  "identifier": {
    "use": "official",
    "system": "http://fhir.org",
    "value": "GenericLabCompendium"
  },
  "status": "preliminary",
  "type": {
    "text": "Catalog"
  },
  "category": [
    {
      "coding": [
        {
          "system": "http://terminology.hl7.org/CodeSystem/catalogType",
          "code": "protocol"
        }
      ]
    }
  ],
  "date": "2020-06-01T17:00:00+02:00",
  "title": "Directory of Diagnostic Services"
}