{
  "resourceType": "ImplementationGuide",
  "id": "hl7.fhir.lab",
  "text": {
    "status": "extensions",
    "div": "<div xmlns=\"http://www.w3.org/1999/xhtml\"><h2>OrderCatalogIG</h2><p>The official URL for this implementation guide is: </p><pre>https://github.com/oscarmakala/div-lab-ig/ImplementationGuide/hl7.fhir.lab</pre><div><p>An Order Catalog is an administered homogeneous collection of items such as medication products, laboratory tests, procedures, medical devices or knowledge artifacts such as order sets, which support the ordering process, or more generally healthcare processes.</p>\n</div></div>"
  },
  "url": "https://github.com/oscarmakala/div-lab-ig/ImplementationGuide/hl7.fhir.lab",
  "version": "current",
  "name": "OrderCatalogIG",
  "title": "Order Catalog Implementation Guide",
  "status": "active",
  "experimental": false,
  "date": "2022-05-20T15:49:04+00:00",
  "publisher": "HL7 International - Orders and Observations Work Group",
  "contact": [
    {
      "telecom": [
        {
          "system": "url",
          "value": "http://hl7.org/Special/committees/orders"
        }
      ]
    }
  ],
  "description": "An Order Catalog is an administered homogeneous collection of items such as medication products, laboratory tests, procedures, medical devices or knowledge artifacts such as order sets, which support the ordering process, or more generally healthcare processes.",
  "jurisdiction": [
    {
      "coding": [
        {
          "system": "http://unstats.un.org/unsd/methods/m49/m49.htm",
          "code": "001"
        }
      ]
    }
  ],
  "packageId": "hl7.fhir.lab",
  "license": "CC0-1.0",
  "dependsOn": [
    {
      "id": "hl7tx",
      "uri": "http://terminology.hl7.org/ImplementationGuide/hl7.terminology",
      "packageId": "hl7.terminology.r5",
      "version": "3.0.0"
    }
  ],
  "definition": {
    "grouping": [
      {
        "id": "commonP",
        "name": "Common profiles"
      },
      {
        "id": "commonE",
        "name": "Common examples"
      },
      {
        "id": "labP",
        "name": "Lab profiles"
      },
      {
        "id": "labE7",
        "name": "Lab ToRCH example"
      },
      {
        "id": "labE",
        "name": "Lab other examples"
      },
      {
        "id": "devP",
        "name": "Device profiles"
      },
      {
        "id": "devE",
        "name": "Device examples"
      },
      {
        "id": "drugP",
        "name": "Drug profiles"
      },
      {
        "id": "drugE",
        "name": "Drug examples"
      }
    ],
    "resource": [
      {
        "extension": [
          {
            "url": "http://hl7.org/fhir/tools/StructureDefinition/resource-information",
            "valueString": "CodeSystem"
          }
        ],
        "reference": {
          "reference": "CodeSystem/laboratory-service-definition-type"
        },
        "name": "Laboratory service types CodeSystem",
        "description": "Code system for types of laboratory service"
      },
      {
        "extension": [
          {
            "url": "http://hl7.org/fhir/tools/StructureDefinition/resource-information",
            "valueString": "CodeSystem"
          }
        ],
        "reference": {
          "reference": "CodeSystem/laboratory-service-reimbursability"
        },
        "name": "Laboratory service reimbursability categories CodeSystem",
        "description": "Code system providing coarse categories of reimbursement dispositions for laboratory services"
      },
      {
        "extension": [
          {
            "url": "http://hl7.org/fhir/tools/StructureDefinition/resource-information",
            "valueString": "CodeSystem"
          }
        ],
        "reference": {
          "reference": "CodeSystem/catalog-message-events"
        },
        "name": "Catalog message events CodeSystem",
        "description": "Code system providing event codes for messaging the content of order catalogs"
      },
      {
        "extension": [
          {
            "url": "http://hl7.org/fhir/tools/StructureDefinition/resource-information",
            "valueString": "ValueSet"
          }
        ],
        "reference": {
          "reference": "ValueSet/laboratory-service-type"
        },
        "name": "Laboratory service types ValueSet",
        "description": "Value set for types of laboratory service in the LabServiceDefinition profile of PlanDefinition"
      },
      {
        "extension": [
          {
            "url": "http://hl7.org/fhir/tools/StructureDefinition/resource-information",
            "valueString": "ValueSet"
          }
        ],
        "reference": {
          "reference": "ValueSet/laboratory-service-reimbursability-vs"
        },
        "name": "Laboratory service reimbursability categories ValueSet",
        "description": "ValueSet providing coarse categories of reimbursement dispositions for laboratory services"
      },
      {
        "extension": [
          {
            "url": "http://hl7.org/fhir/tools/StructureDefinition/resource-information",
            "valueString": "ValueSet"
          }
        ],
        "reference": {
          "reference": "ValueSet/bibliography-artifact-type"
        },
        "name": "Bibliographic artifact ValueSet",
        "description": "Restrained value set for types of bibliographic artifact in the LabServiceDefinition profile of PlanDefinition"
      },
      {
        "extension": [
          {
            "url": "http://hl7.org/fhir/tools/StructureDefinition/resource-information",
            "valueString": "ValueSet"
          }
        ],
        "reference": {
          "reference": "ValueSet/catalog-message-events-vs"
        },
        "name": "Order catalog message events ValueSet",
        "description": "ValueSet providing event codes for MessageHeader.eventCoding in FHIR messages conveying catalog content"
      },
      {
        "extension": [
          {
            "url": "http://hl7.org/fhir/tools/StructureDefinition/resource-information",
            "valueString": "StructureDefinition:extension"
          }
        ],
        "reference": {
          "reference": "StructureDefinition/ValidityPeriod"
        },
        "name": "ValidityPeriod Extension",
        "description": "Extension adding catalog validity period to the CatalogHeader profile of Composition",
        "groupingId": "commonP"
      },
      {
        "extension": [
          {
            "url": "http://hl7.org/fhir/tools/StructureDefinition/resource-information",
            "valueString": "StructureDefinition:extension"
          }
        ],
        "reference": {
          "reference": "StructureDefinition/CatalogReference"
        },
        "name": "CatalogReference Extension",
        "description": "Extension adding catalog reference to resources representing catalog items",
        "groupingId": "commonP"
      },
      {
        "extension": [
          {
            "url": "http://hl7.org/fhir/tools/StructureDefinition/resource-information",
            "valueString": "StructureDefinition:extension"
          }
        ],
        "reference": {
          "reference": "StructureDefinition/BillingSummary"
        },
        "name": "BillingSummary Extension",
        "description": "Extension adding a billing summary to the LabServiceDefinition profile of PlanDefinition",
        "groupingId": "labP"
      },
      {
        "extension": [
          {
            "url": "http://hl7.org/fhir/tools/StructureDefinition/resource-information",
            "valueString": "StructureDefinition:extension"
          }
        ],
        "reference": {
          "reference": "StructureDefinition/ScheduleSummary"
        },
        "name": "ScheduleSummary Extension",
        "description": "Extension adding a service schedule summary to the LabServiceDefinition profile of PlanDefinition",
        "groupingId": "labP"
      },
      {
        "extension": [
          {
            "url": "http://hl7.org/fhir/tools/StructureDefinition/resource-information",
            "valueString": "StructureDefinition:extension"
          }
        ],
        "reference": {
          "reference": "StructureDefinition/LimitationSummary"
        },
        "name": "LimitationSummary Extension",
        "description": "Extension adding a service limitation summary to the LabServiceDefinition profile of PlanDefinition",
        "groupingId": "labP"
      },
      {
        "extension": [
          {
            "url": "http://hl7.org/fhir/tools/StructureDefinition/resource-information",
            "valueString": "StructureDefinition:extension"
          }
        ],
        "reference": {
          "reference": "StructureDefinition/RegulatorySummary"
        },
        "name": "RegulatorySummary Extension",
        "description": "Extension adding a textual summary of regulations applicable to the LabServiceDefinition profile of PlanDefinition",
        "groupingId": "labP"
      },
      {
        "extension": [
          {
            "url": "http://hl7.org/fhir/tools/StructureDefinition/resource-information",
            "valueString": "StructureDefinition:extension"
          }
        ],
        "reference": {
          "reference": "StructureDefinition/ResultInterpretationSummary"
        },
        "name": "ResultInterpretationSummary Extension",
        "description": "Extension adding a markdown summary of result interpretation guidance applicable to the LabServiceDefinition profile of PlanDefinition",
        "groupingId": "labP"
      },
      {
        "extension": [
          {
            "url": "http://hl7.org/fhir/tools/StructureDefinition/resource-information",
            "valueString": "StructureDefinition:extension"
          }
        ],
        "reference": {
          "reference": "StructureDefinition/ServiceBillingCode"
        },
        "name": "ServiceBillingCode Extension",
        "description": "Extension adding a service billing code (and possibly associated billing rules) to the LabServiceDefinition profile of PlanDefinition",
        "groupingId": "labP"
      },
      {
        "extension": [
          {
            "url": "http://hl7.org/fhir/tools/StructureDefinition/resource-information",
            "valueString": "StructureDefinition:extension"
          }
        ],
        "reference": {
          "reference": "StructureDefinition/SpecimenRequested"
        },
        "name": "SpecimenRequested Extension",
        "description": "Extension attaching specimen requested to a PlanDefinition.action, as a set of (possibly choosable) references to SpecimenDefiniton",
        "groupingId": "labP"
      },
      {
        "extension": [
          {
            "url": "http://hl7.org/fhir/tools/StructureDefinition/resource-information",
            "valueString": "StructureDefinition:resource"
          }
        ],
        "reference": {
          "reference": "StructureDefinition/LabChargeItemDefinition"
        },
        "name": "LabChargeItemDefinition Profile",
        "description": "Profile of ChargeItemDefinition representing the definition of a billing code and its detailed properties and rules of applicability for a lab service",
        "groupingId": "labP"
      },
      {
        "extension": [
          {
            "url": "http://hl7.org/fhir/tools/StructureDefinition/resource-information",
            "valueString": "StructureDefinition:resource"
          }
        ],
        "reference": {
          "reference": "StructureDefinition/CatalogHeader"
        },
        "name": "CatalogHeader Profile",
        "description": "Profile of Composition for the header of a catalog of healthcare items (products, services, knowledge artifacts)",
        "groupingId": "commonP"
      },
      {
        "extension": [
          {
            "url": "http://hl7.org/fhir/tools/StructureDefinition/resource-information",
            "valueString": "StructureDefinition:resource"
          }
        ],
        "reference": {
          "reference": "StructureDefinition/LabServiceDefinition"
        },
        "name": "LabServiceDefinition Profile",
        "description": "Profile of PlanDefinition representing the definition of a laboratory diagnostic service viewable and usable by potential consumers (clinicians, nurses, patients ...)",
        "groupingId": "labP"
      },
      {
        "extension": [
          {
            "url": "http://hl7.org/fhir/tools/StructureDefinition/resource-information",
            "valueString": "StructureDefinition:resource"
          }
        ],
        "reference": {
          "reference": "StructureDefinition/LabProcedureDefinition"
        },
        "name": "LabProcedureDefinition Profile",
        "description": "Profile of ActivityDefinition representing the definition of a laboratory operational procedure",
        "groupingId": "labP"
      },
      {
        "extension": [
          {
            "url": "http://hl7.org/fhir/tools/StructureDefinition/resource-information",
            "valueString": "StructureDefinition:resource"
          }
        ],
        "reference": {
          "reference": "StructureDefinition/LabSpecimenDefinition"
        },
        "name": "LabSpecimenDefinition Profile",
        "description": "Profile of SpecimenDefinition representing the definition of an IVD specimen used by a laboratory operational procedure",
        "groupingId": "labP"
      },
      {
        "extension": [
          {
            "url": "http://hl7.org/fhir/tools/StructureDefinition/resource-information",
            "valueString": "StructureDefinition:resource"
          }
        ],
        "reference": {
          "reference": "StructureDefinition/InputObservationDefinition"
        },
        "name": "InputObservationDefinition Profile",
        "description": "Profile of ObservationDefinition representing the definition of an observation expected from the orderer by the performing laboratory for use in one of its procedures",
        "groupingId": "labP"
      },
      {
        "extension": [
          {
            "url": "http://hl7.org/fhir/tools/StructureDefinition/resource-information",
            "valueString": "StructureDefinition:resource"
          }
        ],
        "reference": {
          "reference": "StructureDefinition/LabObservationDefinition"
        },
        "name": "LabObservationDefinition Profile",
        "description": "Profile of ObservationDefinition representing the definition of an observation outcome of a laboratory procedure, to be returned to the orderer of the service",
        "groupingId": "labP"
      },
      {
        "extension": [
          {
            "url": "http://hl7.org/fhir/tools/StructureDefinition/resource-information",
            "valueString": "StructureDefinition:resource"
          }
        ],
        "reference": {
          "reference": "StructureDefinition/WarningDefinition"
        },
        "name": "WarningDefinition Profile",
        "description": "Profile of ClinicalUseDefinition representing the definition of a warning",
        "groupingId": "commonP"
      },
      {
        "extension": [
          {
            "url": "http://hl7.org/fhir/tools/StructureDefinition/resource-information",
            "valueString": "StructureDefinition:resource"
          }
        ],
        "reference": {
          "reference": "StructureDefinition/ContraindicationDefinition"
        },
        "name": "ContraindicationDefinition Profile",
        "description": "Profile of ClinicalUseDefinition representing the definition of a contraindication",
        "groupingId": "commonP"
      },
      {
        "extension": [
          {
            "url": "http://hl7.org/fhir/tools/StructureDefinition/resource-information",
            "valueString": "StructureDefinition:resource"
          }
        ],
        "reference": {
          "reference": "StructureDefinition/IndicationDefinition"
        },
        "name": "IndicationDefinition Profile",
        "description": "Profile of ClinicalUseDefinition representing the definition of an indication",
        "groupingId": "commonP"
      },
      {
        "extension": [
          {
            "url": "http://hl7.org/fhir/tools/StructureDefinition/resource-information",
            "valueString": "StructureDefinition:resource"
          }
        ],
        "reference": {
          "reference": "StructureDefinition/InteractionDefinition"
        },
        "name": "InteractionDefinition Profile",
        "description": "Profile of ClinicalUseDefinition representing the definition of an interaction",
        "groupingId": "commonP"
      },
      {
        "extension": [
          {
            "url": "http://hl7.org/fhir/tools/StructureDefinition/resource-information",
            "valueString": "StructureDefinition:resource"
          }
        ],
        "reference": {
          "reference": "StructureDefinition/UndesirableEffectDefinition"
        },
        "name": "UndesirableEffectDefinition Profile",
        "description": "Profile of ClinicalUseDefinition representing the definition of an undesirable effect",
        "groupingId": "commonP"
      },
      {
        "extension": [
          {
            "url": "http://hl7.org/fhir/tools/StructureDefinition/resource-information",
            "valueString": "StructureDefinition:resource"
          }
        ],
        "reference": {
          "reference": "StructureDefinition/DrugKnowledge"
        },
        "name": "DrugKnowledge Profile",
        "description": "Profile of MedicationKnowledge to represent an item in a catalog of medications",
        "groupingId": "drugP"
      },
      {
        "extension": [
          {
            "url": "http://hl7.org/fhir/tools/StructureDefinition/resource-information",
            "valueString": "StructureDefinition:resource"
          }
        ],
        "reference": {
          "reference": "StructureDefinition/DeviceModel"
        },
        "name": "DeviceModel Profile",
        "description": "Profile of DeviceDefinition to represent an item in a catalog of models of medical devices",
        "groupingId": "devP"
      },
      {
        "extension": [
          {
            "url": "http://hl7.org/fhir/tools/StructureDefinition/resource-information",
            "valueString": "StructureDefinition:resource"
          }
        ],
        "reference": {
          "reference": "StructureDefinition/CatalogMessageDefinition"
        },
        "name": "CatalogMessageDefinition Profile",
        "description": "Profile of MessageDefinition for sending content of a catalog",
        "groupingId": "commonP"
      },
      {
        "extension": [
          {
            "url": "http://hl7.org/fhir/tools/StructureDefinition/resource-information",
            "valueString": "StructureDefinition:resource"
          }
        ],
        "reference": {
          "reference": "StructureDefinition/ItemTransactionRequest"
        },
        "name": "ItemTransactionRequest Profile",
        "description": "Profile of Bundle for updating the content of a catalog in transaction mode",
        "groupingId": "commonP"
      },
      {
        "extension": [
          {
            "url": "http://hl7.org/fhir/tools/StructureDefinition/resource-information",
            "valueString": "StructureDefinition:resource"
          }
        ],
        "reference": {
          "reference": "StructureDefinition/ItemTransactionResponse"
        },
        "name": "ItemTransactionResponse Profile",
        "description": "Profile of Bundle conveying the response to a transaction request for administering catalog content",
        "groupingId": "commonP"
      },
      {
        "extension": [
          {
            "url": "http://hl7.org/fhir/tools/StructureDefinition/resource-information",
            "valueString": "Composition"
          }
        ],
        "reference": {
          "reference": "Composition/generic-lab-compendium-header"
        },
        "name": "A clinical laboratory catalog",
        "description": "Lab E* - Catalog header representing a clinical laboratory compendium, used by all lab examples in this implementation guide",
        "exampleCanonical": "https://github.com/oscarmakala/div-lab-ig/StructureDefinition/CatalogHeader",
        "groupingId": "labE"
      },
      {
        "extension": [
          {
            "url": "http://hl7.org/fhir/tools/StructureDefinition/resource-information",
            "valueString": "Composition"
          }
        ],
        "reference": {
          "reference": "Composition/example-device-catalog-header"
        },
        "name": "A medical device catalog",
        "description": "Catalog header of a catalog of medical devices, used by all device examples in this implementation guide",
        "exampleCanonical": "https://github.com/oscarmakala/div-lab-ig/StructureDefinition/CatalogHeader",
        "groupingId": "devE"
      },
      {
        "extension": [
          {
            "url": "http://hl7.org/fhir/tools/StructureDefinition/resource-information",
            "valueString": "PlanDefinition"
          }
        ],
        "reference": {
          "reference": "PlanDefinition/lab-hepatitis-c-antibodies"
        },
        "name": "Lab service serum K",
        "description": "Lab E1 - simple test laboratory service - serum K",
        "exampleCanonical": "https://github.com/oscarmakala/div-lab-ig/StructureDefinition/LabServiceDefinition",
        "groupingId": "labE"
      },
      {
        "extension": [
          {
            "url": "http://hl7.org/fhir/tools/StructureDefinition/resource-information",
            "valueString": "PlanDefinition"
          }
        ],
        "reference": {
          "reference": "PlanDefinition/lab-h-pylori"
        },
        "name": "Lab service blood electrolyte",
        "description": "Lab E2 - panel laboratory service - electrolyte on blood or plasma",
        "exampleCanonical": "https://github.com/oscarmakala/div-lab-ig/StructureDefinition/LabServiceDefinition",
        "groupingId": "labE"
      },
      {
        "extension": [
          {
            "url": "http://hl7.org/fhir/tools/StructureDefinition/resource-information",
            "valueString": "PlanDefinition"
          }
        ],
        "reference": {
          "reference": "PlanDefinition/lab-service-widal"
        },
        "name": "Lab service 24H urine creat",
        "description": "Lab E3, E5 - panel laboratory service - creatinine on 24-hour urine specimen",
        "exampleCanonical": "https://github.com/oscarmakala/div-lab-ig/StructureDefinition/LabServiceDefinition",
        "groupingId": "labE"
      },
      {
        "extension": [
          {
            "url": "http://hl7.org/fhir/tools/StructureDefinition/resource-information",
            "valueString": "PlanDefinition"
          }
        ],
        "reference": {
          "reference": "PlanDefinition/example-lab-test-serum-creatinine"
        },
        "name": "Lab service serum creat",
        "description": "Lab E4, E5 - panel laboratory service - creatinine on serum or plasma specimen",
        "exampleCanonical": "https://github.com/oscarmakala/div-lab-ig/StructureDefinition/LabServiceDefinition",
        "groupingId": "labE"
      },
      {
        "extension": [
          {
            "url": "http://hl7.org/fhir/tools/StructureDefinition/resource-information",
            "valueString": "PlanDefinition"
          }
        ],
        "reference": {
          "reference": "PlanDefinition/lab-service-widal-clearance"
        },
        "name": "Lab service creat renal clearance",
        "description": "Lab E5 - panel laboratory service - creatinine renal clearance using 24-hour urine specimen and serum or plasma specimen",
        "exampleCanonical": "https://github.com/oscarmakala/div-lab-ig/StructureDefinition/LabServiceDefinition",
        "groupingId": "labE"
      },
      {
        "extension": [
          {
            "url": "http://hl7.org/fhir/tools/StructureDefinition/resource-information",
            "valueString": "PlanDefinition"
          }
        ],
        "reference": {
          "reference": "PlanDefinition/example-lab-service-vitamind-serum"
        },
        "name": "Lab service vitamin D",
        "description": "Lab E6 - simple test laboratory service - vitamin D (in French)",
        "exampleCanonical": "https://github.com/oscarmakala/div-lab-ig/StructureDefinition/LabServiceDefinition",
        "groupingId": "labE"
      },
      {
        "extension": [
          {
            "url": "http://hl7.org/fhir/tools/StructureDefinition/resource-information",
            "valueString": "PlanDefinition"
          }
        ],
        "reference": {
          "reference": "PlanDefinition/example-lab-service-hsvt2-serum"
        },
        "name": "Lab service HSV 2 IgM titer",
        "description": "Lab E7 - simple test laboratory service - serum HSV 2 IgM titer",
        "exampleCanonical": "https://github.com/oscarmakala/div-lab-ig/StructureDefinition/LabServiceDefinition",
        "groupingId": "labE7"
      },
      {
        "extension": [
          {
            "url": "http://hl7.org/fhir/tools/StructureDefinition/resource-information",
            "valueString": "PlanDefinition"
          }
        ],
        "reference": {
          "reference": "PlanDefinition/example-lab-service-hsvt1-serum"
        },
        "name": "Lab service HSV 1 IgM titer",
        "description": "Lab E7 - simple test laboratory service - serum HSV 1 IgM titer",
        "exampleCanonical": "https://github.com/oscarmakala/div-lab-ig/StructureDefinition/LabServiceDefinition",
        "groupingId": "labE7"
      },
      {
        "extension": [
          {
            "url": "http://hl7.org/fhir/tools/StructureDefinition/resource-information",
            "valueString": "PlanDefinition"
          }
        ],
        "reference": {
          "reference": "PlanDefinition/example-lab-service-hsv-serum"
        },
        "name": "Lab service HSV IgM",
        "description": "Lab E7 - panel laboratory service - serum HSV 1 & 2 IgM screen panel + reflex titer",
        "exampleCanonical": "https://github.com/oscarmakala/div-lab-ig/StructureDefinition/LabServiceDefinition",
        "groupingId": "labE7"
      },
      {
        "extension": [
          {
            "url": "http://hl7.org/fhir/tools/StructureDefinition/resource-information",
            "valueString": "PlanDefinition"
          }
        ],
        "reference": {
          "reference": "PlanDefinition/example-lab-service-cmv-serum"
        },
        "name": "Lab service CMV IgM",
        "description": "Lab E7 - test laboratory service - serum CMV IgM test",
        "exampleCanonical": "https://github.com/oscarmakala/div-lab-ig/StructureDefinition/LabServiceDefinition",
        "groupingId": "labE7"
      },
      {
        "extension": [
          {
            "url": "http://hl7.org/fhir/tools/StructureDefinition/resource-information",
            "valueString": "PlanDefinition"
          }
        ],
        "reference": {
          "reference": "PlanDefinition/example-lab-service-rubella-serum"
        },
        "name": "Lab service Rubella IgM",
        "description": "Lab E7 - test laboratory service - serum Rubella IgM test",
        "exampleCanonical": "https://github.com/oscarmakala/div-lab-ig/StructureDefinition/LabServiceDefinition",
        "groupingId": "labE7"
      },
      {
        "extension": [
          {
            "url": "http://hl7.org/fhir/tools/StructureDefinition/resource-information",
            "valueString": "PlanDefinition"
          }
        ],
        "reference": {
          "reference": "PlanDefinition/example-lab-service-toxoplasma-serum"
        },
        "name": "Lab service Toxoplasma gondii Ab",
        "description": "Lab E7 - panel laboratory service - serum Toxoplasma gondii Antibody panel",
        "exampleCanonical": "https://github.com/oscarmakala/div-lab-ig/StructureDefinition/LabServiceDefinition",
        "groupingId": "labE7"
      },
      {
        "extension": [
          {
            "url": "http://hl7.org/fhir/tools/StructureDefinition/resource-information",
            "valueString": "PlanDefinition"
          }
        ],
        "reference": {
          "reference": "PlanDefinition/example-lab-service-torch"
        },
        "name": "Lab service TORCH panel",
        "description": "Lab E7 - panel laboratory service - serum TORCH panel",
        "exampleCanonical": "https://github.com/oscarmakala/div-lab-ig/StructureDefinition/LabServiceDefinition",
        "groupingId": "labE7"
      },
      {
        "extension": [
          {
            "url": "http://hl7.org/fhir/tools/StructureDefinition/resource-information",
            "valueString": "ActivityDefinition"
          }
        ],
        "reference": {
          "reference": "ActivityDefinition/example-lab-urine24h-creatinine"
        },
        "name": "Lab procedure 24H urine creat",
        "description": "Lab E3, E5 - panel laboratory procedure - 24-hour urine creatinine",
        "exampleCanonical": "https://github.com/oscarmakala/div-lab-ig/StructureDefinition/LabProcedureDefinition",
        "groupingId": "labE"
      },
      {
        "extension": [
          {
            "url": "http://hl7.org/fhir/tools/StructureDefinition/resource-information",
            "valueString": "ActivityDefinition"
          }
        ],
        "reference": {
          "reference": "ActivityDefinition/example-lab-procedure-serum-creatinine"
        },
        "name": "Lab procedure serum creatinine",
        "description": "Lab E4, E5 - laboratory procedure - creatinine - on serum or plasma",
        "exampleCanonical": "https://github.com/oscarmakala/div-lab-ig/StructureDefinition/LabProcedureDefinition",
        "groupingId": "labE"
      },
      {
        "extension": [
          {
            "url": "http://hl7.org/fhir/tools/StructureDefinition/resource-information",
            "valueString": "ActivityDefinition"
          }
        ],
        "reference": {
          "reference": "ActivityDefinition/example-lab-procedure-potassium-serum"
        },
        "name": "Lab procedure serum K",
        "description": "Lab E1 - simple test laboratory procedure - serum K",
        "exampleCanonical": "https://github.com/oscarmakala/div-lab-ig/StructureDefinition/LabProcedureDefinition",
        "groupingId": "labE"
      },
      {
        "extension": [
          {
            "url": "http://hl7.org/fhir/tools/StructureDefinition/resource-information",
            "valueString": "ActivityDefinition"
          }
        ],
        "reference": {
          "reference": "ActivityDefinition/example-lab-blood-electrolyte"
        },
        "name": "Lab procedure blood electrolyte",
        "description": "Lab E2 - panel laboratory procedure - electrolyte on serum or plasma",
        "exampleCanonical": "https://github.com/oscarmakala/div-lab-ig/StructureDefinition/LabProcedureDefinition",
        "groupingId": "labE"
      },
      {
        "extension": [
          {
            "url": "http://hl7.org/fhir/tools/StructureDefinition/resource-information",
            "valueString": "ActivityDefinition"
          }
        ],
        "reference": {
          "reference": "ActivityDefinition/example-lab-urine24h-creatinine-clearance"
        },
        "name": "Lab procedure creatinine clearance",
        "description": "Lab E5 - laboratory procedure carrying a single observation - creatinine renal clearance",
        "exampleCanonical": "https://github.com/oscarmakala/div-lab-ig/StructureDefinition/LabProcedureDefinition",
        "groupingId": "labE"
      },
      {
        "extension": [
          {
            "url": "http://hl7.org/fhir/tools/StructureDefinition/resource-information",
            "valueString": "ActivityDefinition"
          }
        ],
        "reference": {
          "reference": "ActivityDefinition/example-lab-procedure-vitamind-serum"
        },
        "name": "Lab procedure vitamin D",
        "description": "Lab E6 - simple test laboratory procedure - vitamin D (in French)",
        "exampleCanonical": "https://github.com/oscarmakala/div-lab-ig/StructureDefinition/LabProcedureDefinition",
        "groupingId": "labE"
      },
      {
        "extension": [
          {
            "url": "http://hl7.org/fhir/tools/StructureDefinition/resource-information",
            "valueString": "ActivityDefinition"
          }
        ],
        "reference": {
          "reference": "ActivityDefinition/example-lab-procedure-toxoplasma"
        },
        "name": "Lab procedure Toxoplasma gondii",
        "description": "Lab E7 - laboratory procedure - Toxoplasma gondii serology",
        "exampleCanonical": "https://github.com/oscarmakala/div-lab-ig/StructureDefinition/LabProcedureDefinition",
        "groupingId": "labE7"
      },
      {
        "extension": [
          {
            "url": "http://hl7.org/fhir/tools/StructureDefinition/resource-information",
            "valueString": "ActivityDefinition"
          }
        ],
        "reference": {
          "reference": "ActivityDefinition/example-lab-procedure-rubella"
        },
        "name": "Lab procedure Rubella IgM",
        "description": "Lab E7 - laboratory procedure - Rubella serology",
        "exampleCanonical": "https://github.com/oscarmakala/div-lab-ig/StructureDefinition/LabProcedureDefinition",
        "groupingId": "labE7"
      },
      {
        "extension": [
          {
            "url": "http://hl7.org/fhir/tools/StructureDefinition/resource-information",
            "valueString": "ActivityDefinition"
          }
        ],
        "reference": {
          "reference": "ActivityDefinition/example-lab-procedure-cmv"
        },
        "name": "Lab procedure CMV IgM",
        "description": "Lab E7 - laboratory procedure - CMV IgM",
        "exampleCanonical": "https://github.com/oscarmakala/div-lab-ig/StructureDefinition/LabProcedureDefinition",
        "groupingId": "labE7"
      },
      {
        "extension": [
          {
            "url": "http://hl7.org/fhir/tools/StructureDefinition/resource-information",
            "valueString": "ActivityDefinition"
          }
        ],
        "reference": {
          "reference": "ActivityDefinition/example-lab-procedure-hsv"
        },
        "name": "Lab procedure HSV serology",
        "description": "Lab E7 - laboratory procedure - HSV 1 & 2 IgM",
        "exampleCanonical": "https://github.com/oscarmakala/div-lab-ig/StructureDefinition/LabProcedureDefinition",
        "groupingId": "labE7"
      },
      {
        "extension": [
          {
            "url": "http://hl7.org/fhir/tools/StructureDefinition/resource-information",
            "valueString": "ActivityDefinition"
          }
        ],
        "reference": {
          "reference": "ActivityDefinition/example-lab-procedure-hsvt1"
        },
        "name": "Lab procedure HSV 1 IgM titer",
        "description": "Lab E7 - laboratory procedure - HSV 1 IgM titer",
        "exampleCanonical": "https://github.com/oscarmakala/div-lab-ig/StructureDefinition/LabProcedureDefinition",
        "groupingId": "labE7"
      },
      {
        "extension": [
          {
            "url": "http://hl7.org/fhir/tools/StructureDefinition/resource-information",
            "valueString": "ActivityDefinition"
          }
        ],
        "reference": {
          "reference": "ActivityDefinition/example-lab-procedure-hsvt2"
        },
        "name": "Lab procedure HSV 2 IgM titer",
        "description": "Lab E7 - laboratory procedure - HSV 2 IgM titer",
        "exampleCanonical": "https://github.com/oscarmakala/div-lab-ig/StructureDefinition/LabProcedureDefinition",
        "groupingId": "labE7"
      },
      {
        "extension": [
          {
            "url": "http://hl7.org/fhir/tools/StructureDefinition/resource-information",
            "valueString": "SpecimenDefinition"
          }
        ],
        "reference": {
          "reference": "SpecimenDefinition/specimen-venous-serum-single-test"
        },
        "name": "Lab specimen venous serum",
        "description": "Lab E1, E4, E5, E6 - venous serum specimen requirement for a single chemistry test",
        "exampleCanonical": "https://github.com/oscarmakala/div-lab-ig/StructureDefinition/LabSpecimenDefinition",
        "groupingId": "labE"
      },
      {
        "extension": [
          {
            "url": "http://hl7.org/fhir/tools/StructureDefinition/resource-information",
            "valueString": "SpecimenDefinition"
          }
        ],
        "reference": {
          "reference": "SpecimenDefinition/example-specimen-capillary-serum-single-test"
        },
        "name": "Lab specimen capillary serum",
        "description": "Lab E4, E5 - capillary serum specimen requirement for a single chemistry test",
        "exampleCanonical": "https://github.com/oscarmakala/div-lab-ig/StructureDefinition/LabSpecimenDefinition",
        "groupingId": "labE"
      },
      {
        "extension": [
          {
            "url": "http://hl7.org/fhir/tools/StructureDefinition/resource-information",
            "valueString": "SpecimenDefinition"
          }
        ],
        "reference": {
          "reference": "SpecimenDefinition/example-specimen-serum-plasma"
        },
        "name": "Lab specimen serum/plasma",
        "description": "Lab E2: serum/plasma specimen",
        "exampleCanonical": "https://github.com/oscarmakala/div-lab-ig/StructureDefinition/LabSpecimenDefinition",
        "groupingId": "labE"
      },
      {
        "extension": [
          {
            "url": "http://hl7.org/fhir/tools/StructureDefinition/resource-information",
            "valueString": "SpecimenDefinition"
          }
        ],
        "reference": {
          "reference": "SpecimenDefinition/example-specimen-urine-24h"
        },
        "name": "Lab specimen 24H urine",
        "description": "Lab E3: 24H urine specimen",
        "exampleCanonical": "https://github.com/oscarmakala/div-lab-ig/StructureDefinition/LabSpecimenDefinition",
        "groupingId": "labE"
      },
      {
        "extension": [
          {
            "url": "http://hl7.org/fhir/tools/StructureDefinition/resource-information",
            "valueString": "SpecimenDefinition"
          }
        ],
        "reference": {
          "reference": "SpecimenDefinition/example-specimen-3ml-serum"
        },
        "name": "Lab specimen venous serum 3 mL",
        "description": "Lab E7 - 3 mL serum specimen",
        "exampleCanonical": "https://github.com/oscarmakala/div-lab-ig/StructureDefinition/LabSpecimenDefinition",
        "groupingId": "labE7"
      },
      {
        "extension": [
          {
            "url": "http://hl7.org/fhir/tools/StructureDefinition/resource-information",
            "valueString": "SpecimenDefinition"
          }
        ],
        "reference": {
          "reference": "SpecimenDefinition/example-specimen-2ml-serum"
        },
        "name": "Lab specimen venous serum 2 mL",
        "description": "Lab E7 - 2 mL serum specimen",
        "exampleCanonical": "https://github.com/oscarmakala/div-lab-ig/StructureDefinition/LabSpecimenDefinition",
        "groupingId": "labE7"
      },
      {
        "extension": [
          {
            "url": "http://hl7.org/fhir/tools/StructureDefinition/resource-information",
            "valueString": "ObservationDefinition"
          }
        ],
        "reference": {
          "reference": "ObservationDefinition/example-input-observation-reason-for-ordering"
        },
        "name": "Lab input observation - reason",
        "description": "Lab E1, E2: observation reason for test",
        "exampleCanonical": "https://github.com/oscarmakala/div-lab-ig/StructureDefinition/InputObservationDefinition",
        "groupingId": "labE"
      },
      {
        "extension": [
          {
            "url": "http://hl7.org/fhir/tools/StructureDefinition/resource-information",
            "valueString": "ObservationDefinition"
          }
        ],
        "reference": {
          "reference": "ObservationDefinition/example-input-observation-context-for-vitamin-d"
        },
        "name": "Lab input observation - vitamin d",
        "description": "Lab E6: observation clinical context for vitamin D test",
        "exampleCanonical": "https://github.com/oscarmakala/div-lab-ig/StructureDefinition/InputObservationDefinition",
        "groupingId": "labE"
      },
      {
        "extension": [
          {
            "url": "http://hl7.org/fhir/tools/StructureDefinition/resource-information",
            "valueString": "ObservationDefinition"
          }
        ],
        "reference": {
          "reference": "ObservationDefinition/example-observation-serum-sodium"
        },
        "name": "Lab observation serum Na",
        "description": "Lab E2: observation Na/serum",
        "exampleCanonical": "https://github.com/oscarmakala/div-lab-ig/StructureDefinition/LabObservationDefinition",
        "groupingId": "labE"
      },
      {
        "extension": [
          {
            "url": "http://hl7.org/fhir/tools/StructureDefinition/resource-information",
            "valueString": "ObservationDefinition"
          }
        ],
        "reference": {
          "reference": "ObservationDefinition/example-observation-serum-potassium"
        },
        "name": "Lab observation serum K",
        "description": "Lab E1, E2: observation K/serum",
        "exampleCanonical": "https://github.com/oscarmakala/div-lab-ig/StructureDefinition/LabObservationDefinition",
        "groupingId": "labE"
      },
      {
        "extension": [
          {
            "url": "http://hl7.org/fhir/tools/StructureDefinition/resource-information",
            "valueString": "ObservationDefinition"
          }
        ],
        "reference": {
          "reference": "ObservationDefinition/example-observation-serum-chloride"
        },
        "name": "Lab observation serum Cl",
        "description": "Lab E2 - definition of output observation Cl on serum",
        "exampleCanonical": "https://github.com/oscarmakala/div-lab-ig/StructureDefinition/LabObservationDefinition",
        "groupingId": "labE"
      },
      {
        "extension": [
          {
            "url": "http://hl7.org/fhir/tools/StructureDefinition/resource-information",
            "valueString": "ObservationDefinition"
          }
        ],
        "reference": {
          "reference": "ObservationDefinition/example-observation-collection-duration"
        },
        "name": "Lab observation collection duration",
        "description": "Lab E3 - definition of input/output observation urine collection duration",
        "exampleCanonical": "https://github.com/oscarmakala/div-lab-ig/StructureDefinition/LabObservationDefinition",
        "groupingId": "labE"
      },
      {
        "extension": [
          {
            "url": "http://hl7.org/fhir/tools/StructureDefinition/resource-information",
            "valueString": "ObservationDefinition"
          }
        ],
        "reference": {
          "reference": "ObservationDefinition/example-observation-collection-volume"
        },
        "name": "Lab observation urine volume",
        "description": "Lab E3 - definition of input/output observation 24-hour urine collection volume",
        "exampleCanonical": "https://github.com/oscarmakala/div-lab-ig/StructureDefinition/LabObservationDefinition",
        "groupingId": "labE"
      },
      {
        "extension": [
          {
            "url": "http://hl7.org/fhir/tools/StructureDefinition/resource-information",
            "valueString": "ObservationDefinition"
          }
        ],
        "reference": {
          "reference": "ObservationDefinition/example-observation-urine24h-creatinine"
        },
        "name": "Lab observation urine creat",
        "description": "Lab E3 - definition of lab observation 24-hour urine creatinine",
        "exampleCanonical": "https://github.com/oscarmakala/div-lab-ig/StructureDefinition/LabObservationDefinition",
        "groupingId": "labE"
      },
      {
        "extension": [
          {
            "url": "http://hl7.org/fhir/tools/StructureDefinition/resource-information",
            "valueString": "ObservationDefinition"
          }
        ],
        "reference": {
          "reference": "ObservationDefinition/example-observation-serum-creatinine"
        },
        "name": "Lab observation serum/plasma creat",
        "description": "Lab E4 - definition of lab observation serum/plasma creatinine",
        "exampleCanonical": "https://github.com/oscarmakala/div-lab-ig/StructureDefinition/LabObservationDefinition",
        "groupingId": "labE"
      },
      {
        "extension": [
          {
            "url": "http://hl7.org/fhir/tools/StructureDefinition/resource-information",
            "valueString": "ObservationDefinition"
          }
        ],
        "reference": {
          "reference": "ObservationDefinition/example-observation-creatinine-renal-clearance"
        },
        "name": "Lab observation creat renal clearance",
        "description": "Lab E5 - definition of lab observation - creatinine renal clearance in 24 hour urine and serum or plasma",
        "exampleCanonical": "https://github.com/oscarmakala/div-lab-ig/StructureDefinition/LabObservationDefinition",
        "groupingId": "labE"
      },
      {
        "extension": [
          {
            "url": "http://hl7.org/fhir/tools/StructureDefinition/resource-information",
            "valueString": "ObservationDefinition"
          }
        ],
        "reference": {
          "reference": "ObservationDefinition/example-observation-vitamin-d"
        },
        "name": "Lab observation vitamin D",
        "description": "Lab E6: observation vitamin D on blood serum (in French)",
        "exampleCanonical": "https://github.com/oscarmakala/div-lab-ig/StructureDefinition/LabObservationDefinition",
        "groupingId": "labE"
      },
      {
        "extension": [
          {
            "url": "http://hl7.org/fhir/tools/StructureDefinition/resource-information",
            "valueString": "ObservationDefinition"
          }
        ],
        "reference": {
          "reference": "ObservationDefinition/example-observation-hsv2igmt"
        },
        "name": "Lab observation HSV 2 IgM titer",
        "description": "Lab E7: observation HSV 2 IgM titer on serum",
        "exampleCanonical": "https://github.com/oscarmakala/div-lab-ig/StructureDefinition/LabObservationDefinition",
        "groupingId": "labE7"
      },
      {
        "extension": [
          {
            "url": "http://hl7.org/fhir/tools/StructureDefinition/resource-information",
            "valueString": "ObservationDefinition"
          }
        ],
        "reference": {
          "reference": "ObservationDefinition/example-observation-hsv1igmt"
        },
        "name": "Lab observation HSV 1 IgM titer",
        "description": "Lab E7: observation HSV 1 IgM titer on serum",
        "exampleCanonical": "https://github.com/oscarmakala/div-lab-ig/StructureDefinition/LabObservationDefinition",
        "groupingId": "labE7"
      },
      {
        "extension": [
          {
            "url": "http://hl7.org/fhir/tools/StructureDefinition/resource-information",
            "valueString": "ObservationDefinition"
          }
        ],
        "reference": {
          "reference": "ObservationDefinition/example-observation-hsv2igmp"
        },
        "name": "Lab observation HSV 2 IgM presence",
        "description": "Lab E7: observation HSV 2 IgM presence detection on serum",
        "exampleCanonical": "https://github.com/oscarmakala/div-lab-ig/StructureDefinition/LabObservationDefinition",
        "groupingId": "labE7"
      },
      {
        "extension": [
          {
            "url": "http://hl7.org/fhir/tools/StructureDefinition/resource-information",
            "valueString": "ObservationDefinition"
          }
        ],
        "reference": {
          "reference": "ObservationDefinition/example-observation-hsv1igmp"
        },
        "name": "Lab observation HSV 1 IgM presence",
        "description": "Lab E7: observation HSV 1 IgM presence detection on serum",
        "exampleCanonical": "https://github.com/oscarmakala/div-lab-ig/StructureDefinition/LabObservationDefinition",
        "groupingId": "labE7"
      },
      {
        "extension": [
          {
            "url": "http://hl7.org/fhir/tools/StructureDefinition/resource-information",
            "valueString": "ObservationDefinition"
          }
        ],
        "reference": {
          "reference": "ObservationDefinition/example-observation-rubigm"
        },
        "name": "Lab observation Rubella IgM",
        "description": "Lab E7: observation Rubella IgM on serum",
        "exampleCanonical": "https://github.com/oscarmakala/div-lab-ig/StructureDefinition/LabObservationDefinition",
        "groupingId": "labE7"
      },
      {
        "extension": [
          {
            "url": "http://hl7.org/fhir/tools/StructureDefinition/resource-information",
            "valueString": "ObservationDefinition"
          }
        ],
        "reference": {
          "reference": "ObservationDefinition/example-observation-cmvigm"
        },
        "name": "Lab observation CMV IgM",
        "description": "Lab E7: observation CMV IgM on serum",
        "exampleCanonical": "https://github.com/oscarmakala/div-lab-ig/StructureDefinition/LabObservationDefinition",
        "groupingId": "labE7"
      },
      {
        "extension": [
          {
            "url": "http://hl7.org/fhir/tools/StructureDefinition/resource-information",
            "valueString": "ObservationDefinition"
          }
        ],
        "reference": {
          "reference": "ObservationDefinition/example-observation-toxoigm"
        },
        "name": "Lab observation Toxoplasma IgM",
        "description": "Lab E7: observation Toxoplasma IgM on serum",
        "exampleCanonical": "https://github.com/oscarmakala/div-lab-ig/StructureDefinition/LabObservationDefinition",
        "groupingId": "labE7"
      },
      {
        "extension": [
          {
            "url": "http://hl7.org/fhir/tools/StructureDefinition/resource-information",
            "valueString": "ObservationDefinition"
          }
        ],
        "reference": {
          "reference": "ObservationDefinition/example-observation-toxoigg"
        },
        "name": "Lab observation Toxoplasma IgG",
        "description": "Lab E7: observation Toxoplasma IgG on serum",
        "exampleCanonical": "https://github.com/oscarmakala/div-lab-ig/StructureDefinition/LabObservationDefinition",
        "groupingId": "labE7"
      },
      {
        "extension": [
          {
            "url": "http://hl7.org/fhir/tools/StructureDefinition/resource-information",
            "valueString": "ObservationDefinition"
          }
        ],
        "reference": {
          "reference": "ObservationDefinition/example-observation-toxoint"
        },
        "name": "Lab observation Toxoplasma Ab interpretation",
        "description": "Lab E7: observation Toxoplasma Ab interpretation",
        "exampleCanonical": "https://github.com/oscarmakala/div-lab-ig/StructureDefinition/LabObservationDefinition",
        "groupingId": "labE7"
      },
      {
        "extension": [
          {
            "url": "http://hl7.org/fhir/tools/StructureDefinition/resource-information",
            "valueString": "Organization"
          }
        ],
        "reference": {
          "reference": "Organization/example-lab-organization"
        },
        "name": "Laboratory Organization",
        "description": "Lab E* - a fake laboratory Organization resource used by all laboratory examples of this implementation guide",
        "groupingId": "labE"
      },
      {
        "extension": [
          {
            "url": "http://hl7.org/fhir/tools/StructureDefinition/resource-information",
            "valueString": "ChargeItemDefinition"
          }
        ],
        "reference": {
          "reference": "ChargeItemDefinition/example-lab-billing-vitamind-focus"
        },
        "name": "Lab billing code and rule for vitamin D",
        "description": "Lab E6 - definition of charge item for laboratory service Vitamin D",
        "exampleCanonical": "https://github.com/oscarmakala/div-lab-ig/StructureDefinition/LabChargeItemDefinition",
        "groupingId": "labE"
      },
      {
        "extension": [
          {
            "url": "http://hl7.org/fhir/tools/StructureDefinition/resource-information",
            "valueString": "ValueSet"
          }
        ],
        "reference": {
          "reference": "ValueSet/example-normal-contexts-vitamin-d"
        },
        "name": "Lab normal clinical focus for billing vitamin D",
        "description": "Lab E6 - value set of normal contexts enabling billing of Vitamin D test",
        "groupingId": "labE"
      },
      {
        "extension": [
          {
            "url": "http://hl7.org/fhir/tools/StructureDefinition/resource-information",
            "valueString": "ValueSet"
          }
        ],
        "reference": {
          "reference": "ValueSet/example-clinical-focus"
        },
        "name": "Possible contexts for any lab test order",
        "description": "Contexts possibly associated with any laboratory test",
        "groupingId": "labE"
      },
      {
        "extension": [
          {
            "url": "http://hl7.org/fhir/tools/StructureDefinition/resource-information",
            "valueString": "ValueSet"
          }
        ],
        "reference": {
          "reference": "ValueSet/example-reasons-for-order"
        },
        "name": "Valid coded reasons for ordering a lab service",
        "description": "Lab E* - broadest value set of reasons for ordering a laboratory service",
        "groupingId": "labE"
      },
      {
        "extension": [
          {
            "url": "http://hl7.org/fhir/tools/StructureDefinition/resource-information",
            "valueString": "ClinicalUseDefinition"
          }
        ],
        "reference": {
          "reference": "ClinicalUseDefinition/example-hypercalcemia-contraindication"
        },
        "name": "Contraindication Hypercalcemia",
        "description": "instance of ClinicalUseDefinition conveying a contraindication for hypercalcemia",
        "exampleCanonical": "https://github.com/oscarmakala/div-lab-ig/StructureDefinition/ContraindicationDefinition",
        "groupingId": "commonE"
      },
      {
        "extension": [
          {
            "url": "http://hl7.org/fhir/tools/StructureDefinition/resource-information",
            "valueString": "ClinicalUseDefinition"
          }
        ],
        "reference": {
          "reference": "ClinicalUseDefinition/example-hypocalcemia-indication"
        },
        "name": "Indication Hypocalcemia",
        "description": "instance of ClinicalUseDefinition conveying an indication for hypocalcemia",
        "exampleCanonical": "https://github.com/oscarmakala/div-lab-ig/StructureDefinition/IndicationDefinition",
        "groupingId": "commonE"
      },
      {
        "extension": [
          {
            "url": "http://hl7.org/fhir/tools/StructureDefinition/resource-information",
            "valueString": "MessageDefinition"
          }
        ],
        "reference": {
          "reference": "MessageDefinition/example-message-definition-initialize"
        },
        "name": "Message definition new catalog",
        "description": "MessageDefinition for messages conveying a new catalog to the receiver",
        "exampleCanonical": "https://github.com/oscarmakala/div-lab-ig/StructureDefinition/CatalogMessageDefinition",
        "groupingId": "commonE"
      },
      {
        "extension": [
          {
            "url": "http://hl7.org/fhir/tools/StructureDefinition/resource-information",
            "valueString": "MessageDefinition"
          }
        ],
        "reference": {
          "reference": "MessageDefinition/example-message-definition-update"
        },
        "name": "Message definition catalog update",
        "description": "MessageDefinition for messages conveying an update to the receiver's catalog",
        "exampleCanonical": "https://github.com/oscarmakala/div-lab-ig/StructureDefinition/CatalogMessageDefinition",
        "groupingId": "commonE"
      },
      {
        "extension": [
          {
            "url": "http://hl7.org/fhir/tools/StructureDefinition/resource-information",
            "valueString": "Bundle"
          }
        ],
        "reference": {
          "reference": "Bundle/example-lab-test-creation-transaction-request"
        },
        "name": "Lab compendium Create test",
        "description": "Lab E8 - transaction Bundle posted for creation of a test and its supporting resources into a laboratory compendium",
        "exampleCanonical": "https://github.com/oscarmakala/div-lab-ig/StructureDefinition/ItemTransactionRequest",
        "groupingId": "labE"
      },
      {
        "extension": [
          {
            "url": "http://hl7.org/fhir/tools/StructureDefinition/resource-information",
            "valueString": "Bundle"
          }
        ],
        "reference": {
          "reference": "Bundle/example-lab-test-creation-transaction-response"
        },
        "name": "Lab compendium test created",
        "description": "Lab E8 - transaction-response Bundle returned after creation of a test and its supporting resources into a laboratory compendium",
        "exampleCanonical": "https://github.com/oscarmakala/div-lab-ig/StructureDefinition/ItemTransactionResponse",
        "groupingId": "labE"
      },
      {
        "extension": [
          {
            "url": "http://hl7.org/fhir/tools/StructureDefinition/resource-information",
            "valueString": "DeviceDefinition"
          }
        ],
        "reference": {
          "reference": "DeviceDefinition/example-devicemodel-breast-pump"
        },
        "name": "Device model of breast pump",
        "description": "Device model of Philips Avent Breast Pump Single",
        "exampleCanonical": "https://github.com/oscarmakala/div-lab-ig/StructureDefinition/DeviceModel",
        "groupingId": "devE"
      },
      {
        "extension": [
          {
            "url": "http://hl7.org/fhir/tools/StructureDefinition/resource-information",
            "valueString": "DeviceDefinition"
          }
        ],
        "reference": {
          "reference": "DeviceDefinition/example-devicemodel-presthetics-accessories"
        },
        "name": "Device model of presthetics-accessories",
        "description": "Titanium Healing Cap",
        "exampleCanonical": "https://github.com/oscarmakala/div-lab-ig/StructureDefinition/DeviceModel",
        "groupingId": "devE"
      },
      {
        "extension": [
          {
            "url": "http://hl7.org/fhir/tools/StructureDefinition/resource-information",
            "valueString": "DeviceDefinition"
          }
        ],
        "reference": {
          "reference": "DeviceDefinition/example-devicemodel-interbody-fusion-system"
        },
        "name": "Device model of interbody fusion system",
        "description": "Imola Interbody Fusion System",
        "exampleCanonical": "https://github.com/oscarmakala/div-lab-ig/StructureDefinition/DeviceModel",
        "groupingId": "devE"
      },
      {
        "extension": [
          {
            "url": "http://hl7.org/fhir/tools/StructureDefinition/resource-information",
            "valueString": "MedicationKnowledge"
          }
        ],
        "reference": {
          "reference": "MedicationKnowledge/example-drug-clarithromycin-25mg-granule-suspension"
        },
        "name": "Clarithromycin oral antibacterial",
        "description": "Clarithromycin 25 mg/ml granule for oral suspension",
        "exampleCanonical": "https://github.com/oscarmakala/div-lab-ig/StructureDefinition/DrugKnowledge",
        "groupingId": "drugE"
      }
    ],
    "page": {
      "nameUrl": "toc.html",
      "title": "Table of Contents",
      "generation": "html",
      "page": [
        {
          "nameUrl": "index.html",
          "title": "Order Catalog Home Page",
          "generation": "html"
        },
        {
          "nameUrl": "uclabservices.html",
          "title": "Use cases - Laboratory services",
          "generation": "html"
        },
        {
          "nameUrl": "ucordersets.html",
          "title": "Use cases - Order sets",
          "generation": "html"
        },
        {
          "nameUrl": "ucdrugs.html",
          "title": "Use cases - Medications",
          "generation": "html"
        },
        {
          "nameUrl": "ucdevices.html",
          "title": "Use cases - Devices",
          "generation": "html"
        },
        {
          "nameUrl": "labservices.html",
          "title": "Spec - Laboratory services",
          "generation": "html"
        },
        {
          "nameUrl": "ordersets.html",
          "title": "Spec - Order sets",
          "generation": "html"
        },
        {
          "nameUrl": "drugs.html",
          "title": "Spec - Medications",
          "generation": "html"
        },
        {
          "nameUrl": "devices.html",
          "title": "Spec - Devices",
          "generation": "html"
        },
        {
          "nameUrl": "interactions.html",
          "title": "Interaction framework",
          "generation": "html"
        },
        {
          "nameUrl": "exlabservices.html",
          "title": "Examples - Laboratory services",
          "generation": "html"
        },
        {
          "nameUrl": "exordersets.html",
          "title": "Examples - Order sets",
          "generation": "html"
        },
        {
          "nameUrl": "exdrugs.html",
          "title": "Examples - Medications",
          "generation": "html"
        },
        {
          "nameUrl": "exdevices.html",
          "title": "Examples - Devices",
          "generation": "html"
        },
        {
          "nameUrl": "downloads.html",
          "title": "Useful Downloads",
          "generation": "html"
        },
        {
          "nameUrl": "changes.html",
          "title": "IG Change History",
          "generation": "html"
        }
      ]
    },
    "parameter": [
      {
        "code": "copyrightyear",
        "value": "2021+"
      },
      {
        "code": "releaselabel",
        "value": "CI Build"
      },
      {
        "code": "autoload-resources",
        "value": "true"
      },
      {
        "code": "path-resource",
        "value": "input/capabilities"
      },
      {
        "code": "path-resource",
        "value": "input/examples"
      },
      {
        "code": "path-resource",
        "value": "input/extensions"
      },
      {
        "code": "path-resource",
        "value": "input/models"
      },
      {
        "code": "path-resource",
        "value": "input/operations"
      },
      {
        "code": "path-resource",
        "value": "input/profiles"
      },
      {
        "code": "path-resource",
        "value": "input/resources"
      },
      {
        "code": "path-resource",
        "value": "input/vocabulary"
      },
      {
        "code": "path-resource",
        "value": "input/maps"
      },
      {
        "code": "path-resource",
        "value": "input/testing"
      },
      {
        "code": "path-resource",
        "value": "input/history"
      },
      {
        "code": "path-resource",
        "value": "fsh-generated/resources"
      },
      {
        "code": "path-pages",
        "value": "template/config"
      },
      {
        "code": "path-pages",
        "value": "input/images"
      },
      {
        "code": "path-liquid",
        "value": "template/liquid"
      },
      {
        "code": "path-liquid",
        "value": "input/liquid"
      },
      {
        "code": "path-qa",
        "value": "temp/qa"
      },
      {
        "code": "path-temp",
        "value": "temp/pages"
      },
      {
        "code": "path-output",
        "value": "output"
      },
      {
        "code": "path-tx-cache",
        "value": "input-cache/txcache"
      },
      {
        "code": "path-suppressed-warnings",
        "value": "input/ignoreWarnings.txt"
      },
      {
        "code": "path-history",
        "value": "https://github.com/oscarmakala/div-lab-ig/history.html"
      },
      {
        "code": "template-html",
        "value": "template-page.html"
      },
      {
        "code": "template-md",
        "value": "template-page-md.html"
      },
      {
        "code": "apply-contact",
        "value": "true"
      },
      {
        "code": "apply-context",
        "value": "true"
      },
      {
        "code": "apply-copyright",
        "value": "true"
      },
      {
        "code": "apply-jurisdiction",
        "value": "true"
      },
      {
        "code": "apply-license",
        "value": "true"
      },
      {
        "code": "apply-publisher",
        "value": "true"
      },
      {
        "code": "apply-version",
        "value": "true"
      },
      {
        "code": "active-tables",
        "value": "true"
      }
    ]
  }
}