{
  "resourceType": "ObservationDefinition",
  "id": "observation-urinalysis-turbidity",
  "meta": {
    "profile": [
      "http://omega.com/healthcare/IS-H/fhir/StructureDefinition/LabObservationDefinition"
    ]
  },
  "category": [
    {
      "coding": [
        {
          "system": "http://terminology.hl7.org/CodeSystem/observation-category",
          "code": "laboratory",
          "display": "Laboratory"
        }
      ]
    }
  ],
  "code": {
    "coding": [
      {
        "system": "http://loinc.org",
        "code": "20627-6",
        "display": "Turbidity Ql (U)"
      }
    ]
  },
  "permittedDataType": [
    "CodeableConcept"
  ],
  "multipleResultsAllowed": false,
  "validCodedValueSet": {
    "reference": "ValueSet/turbiditycodesv2"
  }
}