{
  "resourceType": "Organization",
  "id": "b533c855-c00b-42a4-aa11-577bb986b8d5",
  "meta": {
    "profile": [
      "http://omega.com/healthcare/IS-H/fhir/StructureDefinition/genericorganization/v2"
    ]
  },
  "active": true,
  "type": [
    {
      "coding": [
        {
          "system": "http://terminology.hl7.org/CodeSystem/organization-type",
          "code": "other",
          "display": "Medical Laboratory"
        }
      ]
    }
  ],
  "name": "Omega Laboratory",
  "address": [
    {
      "city": "Dar Es Salaam",
      "country": "TZ"
    }
  ]
}