{
  "resourceType": "PlanDefinition",
  "id": "lab-service-widal",
  "meta": {
    "profile": [
      "http://omega.com/healthcare/IS-H/fhir/StructureDefinition/labservicedefinition/v2"
    ]
  },
  "extension": [
    {
      "url": "http://omega.com/healthcare/IS-H/fhir/StructureDefinition/catalogreference/v2",
      "valueReference": {
        "reference": "Composition/omega-lab-compendium-header"
      }
    },
    {
      "url": "http://omega.com/healthcare/IS-H/fhir/StructureDefinition/servicebillingcode/v2",
      "valueReference": {
        "reference": "ChargeItemDefinition/cid-lab-service-widal"
      }
    }
  ],
  "name": "WidalMeasurement",
  "title": "WIDAL",
  "type": {
    "coding": [
      {
        "system": "http://omega.com/healthcare/IS-H/fhir/CodeSystem/laboratory-service-definition-type",
        "code": "test",
        "display": "unitary measurement performed on an in vitro biologic specimen"
      }
    ]
  },
  "status": "active",
  "action": [
    {
      "extension": [
        {
          "extension": [
            {
              "extension": [
                {
                  "url": "Material",
                  "valueReference": {
                    "reference": "SpecimenDefinition/serum",
                    "display": "Serum"
                  }
                }
              ],
              "url": "ExclusiveGroup"
            }
          ],
          "url": "http://omega.com/healthcare/IS-H/fhir/StructureDefinition/SpecimenRequested"
        }
      ],
      "code": {
        "coding": [
          {
            "system": "http://hl7.org/fhir/99IHE",
            "code": "LAB348",
            "display": "Widal Test"
          }
        ]
      }
    }
  ]
}