{
  "resourceType": "PlanDefinition",
  "id": "lab-hepatitis-c-antibodies",
  "meta": {
    "profile": [
      "http://omega.com/healthcare/IS-H/fhir/StructureDefinition/labservicedefinition/v2"
    ]
  },
  "extension": [
    {
      "url": "http://omega.com/healthcare/IS-H/fhir/StructureDefinition/catalogreference/v2",
      "valueReference": {
        "reference": "Composition/generic-lab-compendium-header"
      }
    },
    {
      "url": "http://omega.com/healthcare/IS-H/fhir/StructureDefinition/servicebillingcode/v2",
      "valueReference": {
        "reference": "ChargeItemDefinition/cid-hepatitis-c-antibodies"
      }
    }
  ],
  "name": "hepatitisCAntibodiesMeasurement",
  "title": "Hepatitis C Antibodies",
  "status": "active",
  "description": "H. pylori measurement on serum specimen"
}