{
  "resourceType": "PlanDefinition",
  "id": "lab-hepatitis-c-antibodies",
  "meta": {
    "profile": [
      "https://github.com/oscarmakala/div-lab-ig/StructureDefinition/LabServiceDefinition"
    ]
  },
  "language": "en-US",
  "extension": [
    {
      "url": "https://github.com/oscarmakala/div-lab-ig/StructureDefinition/CatalogReference",
      "valueReference": {
        "reference": "Composition/generic-lab-compendium-header"
      }
    },
    {
      "url": "https://github.com/oscarmakala/div-lab-ig/StructureDefinition/ServiceBillingCode",
      "valueReference": {
        "reference": "ChargeItemDefinition/cid-hepatitis-c-antibodies"
      }
    }
  ],
  "url": "https://github.com/oscarmakala/div-lab-ig/PlanDefinition/lab-hepatitis-c-antibodies",
  "identifier": [
    {
      "use": "official",
      "value": "hepatitis_c_antibodies"
    }
  ],
  "version": "current",
  "name": "hepatitisCAntibodiesMeasurement",
  "title": "Hepatitis C Antibodies",
  "type": {
    "coding": [
      {
        "system": "https://github.com/oscarmakala/div-lab-ig/CodeSystem/laboratory-service-definition-type",
        "code": "test",
        "display": "Hepatitis C Antibodies measurement"
      }
    ]
  },
  "status": "active",
  "publisher": "Omega Laboratories",
  "description": "H. pylori measurement on serum specimen",
  "useContext": [
    {
      "code": {
        "system": "http://terminology.hl7.org/CodeSystem/usage-context-type",
        "code": "task"
      },
      "valueCodeableConcept": {
        "coding": [
          {
            "system": "http://terminology.hl7.org/CodeSystem/v3-ActCode",
            "code": "LABOE",
            "display": "laboratory test order entry task"
          }
        ]
      }
    }
  ]
}