{
  "resourceType": "PlanDefinition",
  "id": "lab-service-widal",
  "meta": {
    "profile": [
      "http://omega.com/healthcare/IS-H/fhir/StructureDefinition/labservicedefinition/v2"
    ]
  },
  "extension": [
    {
      "url": "http://omega.com/healthcare/IS-H/fhir/StructureDefinition/catalogreference/v2",
      "valueReference": {
        "reference": "Composition/generic-lab-compendium-header"
      }
    },
    {
      "url": "http://omega.com/healthcare/IS-H/fhir/StructureDefinition/servicebillingcode/v2",
      "valueReference": {
        "reference": "ChargeItemDefinition/cid-lab-service-widal"
      }
    }
  ],
  "name": "WidalMeasurement",
  "title": "WIDAL",
  "status": "active",
  "description": "Widal measurement on serum specimen"
}