{
  "resourceType": "PlanDefinition",
  "id": "lab-service-syphilis",
  "meta": {
    "profile": [
      "http://omega.com/healthcare/IS-H/fhir/StructureDefinition/labservicedefinition/v2"
    ]
  },
  "extension": [
    {
      "url": "http://omega.com/healthcare/IS-H/fhir/StructureDefinition/catalogreference/v2",
      "valueReference": {
        "reference": "Composition/omega-lab-compendium-header"
      }
    },
    {
      "url": "http://omega.com/healthcare/IS-H/fhir/StructureDefinition/servicebillingcode/v2",
      "valueReference": {
        "reference": "ChargeItemDefinition/cid-syphilis"
      }
    }
  ],
  "name": "Syphilis",
  "title": "Syphilis",
  "type": {
    "coding": [
      {
        "system": "http://omega.com/healthcare/IS-H/fhir/CodeSystem/laboratory-service-definition-type",
        "code": "test",
        "display": "Procedure for one step syphilis whole blood/serum/plasma"
      }
    ]
  },
  "status": "active",
  "useContext": [
    {
      "code": {
        "system": "http://terminology.hl7.org/CodeSystem/usage-context-type",
        "code": "task"
      }
    },
    {
      "code": {
        "system": "http://terminology.hl7.org/CodeSystem/v3-ActCode",
        "code": "LABOE",
        "display": "laboratory test order entry task"
      }
    }
  ],
  "action": [
    {
      "code": [
        {
          "coding": [
            {
              "system": "http://omega.com/healthcare/IS_H//fhir/orderingcodes",
              "code": "LAB296",
              "display": "Syphilis"
            }
          ]
        }
      ],
      "definitionCanonical": "ActivityDefinition/lab-procedure-syphilis"
    }
  ]
}