{
  "resourceType": "Practitioner",
  "id": "49851e6d-93eb-45e0-bfcf-cbf30a1c1ca9",
  "identifier": [
    {
      "use": "official",
      "system": "http://www.bmc.nl/zorgportal/identifiers/observations",
      "value": "49851e6d-93eb-45e0-bfcf-cbf30a1c1ca9"
    }
  ],
  "meta": {
    "versionId": "1",
    "lastUpdated": "2022-07-10T15:10:21.031+00:00",
    "source": "#9Uwfyz8LKaHy2JT4",
    "profile": [
      "http://omega.com/healthcare/IS-H/fhir/StructureDefinition/genericpractitioner/v2"
    ]
  },
  "active": true,
  "name": [
    {
      "family": "Makala",
      "given": [
        "Allan"
      ]
    }
  ],
  "address": [
    {
      "use": "work",
      "city": "Dar Es Salaam",
      "country": "TZ"
    }
  ],
  "gender": "male",
  "birthDate": "1988-08-29"
}