{
  "resourceType": "Questionnaire",
  "id": "322488d1-570c-4592-b474-06333938971c",
  "identifier": [
    {
      "use": "official",
      "value": "patient-registration"
    }
  ],
  "language": "en",
  "status": "active",
  "date": "2020-11-18T07:24:47.111Z",
  "subjectType": [
    "Patient"
  ],
  "extension": [
    {
      "url": "http://hl7.org/fhir/uv/sdc/StructureDefinition/sdc-questionnaire-itemExtractionContext",
      "valueExpression": {
        "language": "application/x-fhir-query",
        "expression": "Patient",
        "name": "patient"
      }
    }
  ],
  "item": [
    {
      "linkId": "PR",
      "type": "group",
      "text": "Client info",
      "item": [
        {
          "linkId": "PR-name",
          "type": "group",
          "definition": "http://hl7.org/fhir/StructureDefinition/Patient#Patient.name",
          "item": [
            {
              "extension": [
                {
                  "url": "http://hl7.org/fhir/uv/sdc/StructureDefinition/sdc-questionnaire-initialExpression",
                  "valueExpression": {
                    "language": "text/fhirpath",
                    "expression": "Patient.name.given",
                    "name": "patientName"
                  }
                }
              ],
              "linkId": "PR-name-text",
              "definition": "http://hl7.org/fhir/StructureDefinition/Patient#Patient.name.given",
              "type": "string",
              "required": true,
              "text": "First Name"
            },
            {
              "extension": [
                {
                  "url": "http://hl7.org/fhir/uv/sdc/StructureDefinition/sdc-questionnaire-initialExpression",
                  "valueExpression": {
                    "language": "text/fhirpath",
                    "expression": "Patient.name.family",
                    "name": "patientFamily"
                  }
                }
              ],
              "linkId": "PR-name-family",
              "definition": "http://hl7.org/fhir/StructureDefinition/datatypes#HumanName.family",
              "type": "string",
              "required": true,
              "text": "Family Name"
            }
          ]
        },
        {
          "linkId": "patient-0-gender",
          "definition": "http://hl7.org/fhir/StructureDefinition/Patient#Patient.gender",
          "type": "choice",
          "text": "Gender",
          "required": "true",
          "extension": [
            {
              "url": "http://hl7.org/fhir/uv/sdc/StructureDefinition/sdc-questionnaire-initialExpression",
              "valueExpression": {
                "system": "http://hl7.org/fhir/administrative-gender",
                "language": "text/fhirpath",
                "expression": "Patient.gender",
                "name": "patientGender"
              }
            },
            {
              "url": "http://hl7.org/fhir/StructureDefinition/questionnaire-itemControl",
              "valueCodeableConcept": {
                "coding": [
                  {
                    "system": "http://hl7.org/fhir/questionnaire-item-control",
                    "code": "radio-button",
                    "display": "Radio Button"
                  }
                ]
              }
            },
            {
              "url": "http://hl7.org/fhir/StructureDefinition/questionnaire-choiceOrientation",
              "valueCode": "horizontal"
            }
          ],
          "initial": [
            {
              "valueCoding": {
                "system": "http://hl7.org/fhir/administrative-gender",
                "code": "female",
                "display": "Female"
              }
            }
          ],
          "answerOption": [
            {
              "valueCoding": {
                "system": "http://hl7.org/fhir/administrative-gender",
                "code": "female",
                "display": "Female",
                "designation": [
                  {
                    "language": "sw",
                    "value": "Mwanamke"
                  }
                ]
              }
            },
            {
              "valueCoding": {
                "system": "http://hl7.org/fhir/administrative-gender",
                "code": "male",
                "display": "Male",
                "designation": [
                  {
                    "language": "sw",
                    "value": "Mwanaume"
                  }
                ]
              }
            }
          ]
        },
        {
          "linkId": "PR-telecom",
          "type": "group",
          "definition": "http://hl7.org/fhir/StructureDefinition/Patient#Patient.telecom",
          "item": [
            {
              "linkId": "PR-telecom-system",
              "definition": "http://hl7.org/fhir/StructureDefinition/Patient#Patient.telecom.system",
              "extension": [
                {
                  "url": "http://hl7.org/fhir/StructureDefinition/questionnaire-hidden",
                  "valueBoolean": true
                }
              ],
              "type": "string",
              "text": "system",
              "initial": [
                {
                  "valueString": "phone"
                }
              ]
            },
            {
              "extension": [
                {
                  "url": "http://hl7.org/fhir/uv/sdc/StructureDefinition/sdc-questionnaire-initialExpression",
                  "valueExpression": {
                    "language": "text/fhirpath",
                    "expression": "Patient.telecom.value",
                    "name": "patientTelecom"
                  }
                }
              ],
              "linkId": "PR-telecom-value",
              "definition": "http://hl7.org/fhir/StructureDefinition/Patient#Patient.telecom.value",
              "type": "string",
              "required": true,
              "text": "Phone Number"
            }
          ]
        }
      ]
    }
  ]
}