{
  "resourceType": "Questionnaire",
  "id": "observation-urinalysis-urine-color-questionnaire",
  "status": "active",
  "item": [ {
    "extension": [ {
      "url": "http://hl7.org/fhir/StructureDefinition/questionnaire-itemControl",
      "valueCodeableConcept": {
        "coding": [ {
          "system": "http://hl7.org/fhir/questionnaire-item-control",
          "code": "page",
          "display": "Page"
        } ],
        "text": "Page"
      }
    } ],
    "linkId": "1",
    "text": "Color Auto (U)",
    "type": "group",
    "item": [ {
      "extension": [ {
        "url": "http://hl7.org/fhir/uv/sdc/StructureDefinition/sdc-questionnaire-itemExtractionContext",
        "valueExpression": {
          "name": "50553-7",
          "language": "application/x-fhir-query",
          "expression": "Observation"
        }
      } ],
      "linkId": "2",
      "type": "group",
      "required": true,
      "item": [ {
        "linkId": "3",
        "definition": "http://hl7.org/fhir/StructureDefinition/Observation#Observation.valueCodeableConcept",
        "type": "group",
        "item": [ {
          "extension": [ {
            "url": "http://hl7.org/fhir/StructureDefinition/questionnaire-itemControl",
            "valueCodeableConcept": {
              "coding": [ {
                "system": "http://hl7.org/fhir/questionnaire-item-control",
                "code": "drop-down",
                "display": "Drop down"
              } ],
              "text": "Drop down"
            }
          } ],
          "linkId": "4",
          "definition": "http://hl7.org/fhir/StructureDefinition/Observation#Observation.valueCodeableConcept.coding",
          "text": "Color Auto (U)",
          "type": "choice",
          "required": true,
          "answerOption": [ {
            "valueCoding": {
              "code": "Straw",
              "display": "Straw"
            }
          }, {
            "valueCoding": {
              "code": "PaleYellow",
              "display": "Pale Yellow"
            }
          }, {
            "valueCoding": {
              "code": "DeepYellow",
              "display": "Deep Yellow"
            }
          } ]
        } ]
      } ]
    } ]
  } ]
}