{
  "resourceType" : "SpecimenDefinition",
  "id" : "specimen-venous-serum-single-test",
  "meta" : {
    "profile" : [
      "http://hl7.org/fhir/uv/order-catalog/StructureDefinition/LabSpecimenDefinition"
    ]
  },
  "language" : "en-US",
  "text" : {
    "status" : "generated",
    "div" : "<div xmlns=\"http://www.w3.org/1999/xhtml\" xml:lang=\"en-US\" lang=\"en-US\"><p><b>Generated Narrative</b></p><div style=\"display: inline-block; background-color: #d9e0e7; padding: 6px; margin: 4px; border: 1px solid #8da1b4; border-radius: 5px; line-height: 60%\"><p style=\"margin-bottom: 0px\">Resource \"specimen-venous-serum-single-test\"  (Language \"en-US\") </p><p style=\"margin-bottom: 0px\">Profile: <a href=\"StructureDefinition-LabSpecimenDefinition.html\">Laboratory IVD Specimen Definition</a></p></div><p><b>status</b>: active</p><p><b>typeCollected</b>: Blood venous <span style=\"background: LightGoldenRodYellow; margin: 4px; border: 1px solid khaki\"> (<a href=\"http://terminology.hl7.org/3.0.0/CodeSystem-v2-0487.html\">specimenType</a>#BLDV)</span></p><p><b>collection</b>: Venipuncture for blood test <span style=\"background: LightGoldenRodYellow; margin: 4px; border: 1px solid khaki\"> (<a href=\"https://browser.ihtsdotools.org/\">SNOMED CT</a>#28520004)</span></p><blockquote><p><b>typeTested</b></p><p><b>type</b>: Serum <span style=\"background: LightGoldenRodYellow; margin: 4px; border: 1px solid khaki\"> (<a href=\"http://terminology.hl7.org/3.0.0/CodeSystem-v2-0487.html\">specimenType</a>#SER)</span></p><p><b>preference</b>: preferred</p><h3>Containers</h3><table class=\"grid\"><tr><td>-</td><td><b>Material</b></td><td><b>Type</b></td><td><b>Cap</b></td><td><b>Description</b></td><td><b>Capacity</b></td><td><b>MinimumVolume[x]</b></td></tr><tr><td>*</td><td>plastic <span style=\"background: LightGoldenRodYellow; margin: 4px; border: 1px solid khaki\"> (<a href=\"https://browser.ihtsdotools.org/\">SNOMED CT</a>#61088005 \"Plastic\")</span></td><td>Evacuated blood collection tube with clot activator <span style=\"background: LightGoldenRodYellow; margin: 4px; border: 1px solid khaki\"> (<a href=\"https://browser.ihtsdotools.org/\">SNOMED CT</a>#767384004)</span></td><td>red cap <span style=\"background: LightGoldenRodYellow; margin: 4px; border: 1px solid khaki\"> (<a href=\"http://build.fhir.org/codesystem-container-cap.html\">ContainerCap</a>#red)</span></td><td>red cap plastic tube 5 mL</td><td>5 milliliter<span style=\"background: LightGoldenRodYellow\"> (Details: UCUM code mL = 'mL')</span></td><td>0.5 milliliter<span style=\"background: LightGoldenRodYellow\"> (Details: UCUM code mL = 'mL')</span></td></tr></table><p><b>rejectionCriterion</b>: blood specimen hemolized <span style=\"background: LightGoldenRodYellow; margin: 4px; border: 1px solid khaki\"> (<a href=\"http://build.fhir.org/codesystem-rejection-criteria.html\">RejectionCriterion</a>#hemolized)</span>, insufficient quantity of specimen <span style=\"background: LightGoldenRodYellow; margin: 4px; border: 1px solid khaki\"> (<a href=\"http://build.fhir.org/codesystem-rejection-criteria.html\">RejectionCriterion</a>#insufficient)</span></p><blockquote><p><b>handling</b></p><p><b>temperatureQualifier</b>: room temperature or refrigerated <span style=\"background: LightGoldenRodYellow; margin: 4px; border: 1px solid khaki\"> ()</span></p></blockquote><blockquote><p><b>handling</b></p><p><b>temperatureQualifier</b>: frozen <span style=\"background: LightGoldenRodYellow; margin: 4px; border: 1px solid khaki\"> ()</span></p></blockquote></blockquote><blockquote><p><b>typeTested</b></p><p><b>type</b>: Plasma <span style=\"background: LightGoldenRodYellow; margin: 4px; border: 1px solid khaki\"> (<a href=\"http://terminology.hl7.org/3.0.0/CodeSystem-v2-0487.html\">specimenType</a>#PLAS)</span></p><p><b>preference</b>: alternate</p><h3>Containers</h3><table class=\"grid\"><tr><td>-</td><td><b>Type</b></td><td><b>Cap</b></td><td><b>Description</b></td><td><b>Capacity</b></td><td><b>MinimumVolume[x]</b></td></tr><tr><td>*</td><td>Evacuated blood collection tube with heparin lithium and gel separator <span style=\"background: LightGoldenRodYellow; margin: 4px; border: 1px solid khaki\"> (<a href=\"https://browser.ihtsdotools.org/\">SNOMED CT</a>#767390000)</span></td><td>green cap <span style=\"background: LightGoldenRodYellow; margin: 4px; border: 1px solid khaki\"> (<a href=\"http://build.fhir.org/codesystem-container-cap.html\">ContainerCap</a>#green)</span></td><td>green cap plastic tube 5 mL</td><td>5 milliliter<span style=\"background: LightGoldenRodYellow\"> (Details: UCUM code mL = 'mL')</span></td><td>0.5 milliliter<span style=\"background: LightGoldenRodYellow\"> (Details: UCUM code mL = 'mL')</span></td></tr></table><p><b>rejectionCriterion</b>: blood specimen hemolized <span style=\"background: LightGoldenRodYellow; margin: 4px; border: 1px solid khaki\"> (<a href=\"http://build.fhir.org/codesystem-rejection-criteria.html\">RejectionCriterion</a>#hemolized)</span>, insufficient quantity of specimen <span style=\"background: LightGoldenRodYellow; margin: 4px; border: 1px solid khaki\"> (<a href=\"http://build.fhir.org/codesystem-rejection-criteria.html\">RejectionCriterion</a>#insufficient)</span></p><blockquote><p><b>handling</b></p><p><b>temperatureQualifier</b>: room temperature or refrigerated <span style=\"background: LightGoldenRodYellow; margin: 4px; border: 1px solid khaki\"> ()</span></p></blockquote><blockquote><p><b>handling</b></p><p><b>temperatureQualifier</b>: frozen <span style=\"background: LightGoldenRodYellow; margin: 4px; border: 1px solid khaki\"> ()</span></p></blockquote></blockquote></div>"
  },
  "status" : "active",
  "typeCollected" : {
    "coding" : [
      {
        "system" : "http://terminology.hl7.org/CodeSystem/v2-0487",
        "code" : "BLDV",
        "display" : "Blood venous"
      }
    ]
  },
  "collection" : [
    {
      "coding" : [
        {
          "system" : "http://snomed.info/sct",
          "code" : "28520004",
          "display" : "Venipuncture for blood test"
        }
      ]
    }
  ],
  "typeTested" : [
    {
      "type" : {
        "coding" : [
          {
            "system" : "http://terminology.hl7.org/CodeSystem/v2-0487",
            "code" : "SER",
            "display" : "Serum"
          }
        ]
      },
      "preference" : "preferred",
      "container" : {
        "material" : {
          "coding" : [
            {
              "system" : "http://snomed.info/sct",
              "code" : "61088005",
              "display" : "Plastic"
            }
          ],
          "text" : "plastic"
        },
        "type" : {
          "coding" : [
            {
              "system" : "http://snomed.info/sct",
              "code" : "767384004",
              "display" : "Evacuated blood collection tube with clot activator"
            }
          ]
        },
        "cap" : {
          "coding" : [
            {
              "system" : "http://terminology.hl7.org/CodeSystem/container-cap",
              "code" : "red"
            }
          ],
          "text" : "red cap"
        },
        "description" : "red cap plastic tube 5 mL",
        "capacity" : {
          "value" : 5,
          "unit" : "milliliter",
          "system" : "http://unitsofmeasure.org",
          "code" : "mL"
        },
        "minimumVolumeQuantity" : {
          "value" : 0.5,
          "unit" : "milliliter",
          "system" : "http://unitsofmeasure.org",
          "code" : "mL"
        }
      },
      "retentionTime" : {
        "value" : 24,
        "unit" : "hour",
        "system" : "http://unitsofmeasure.org",
        "code" : "h"
      },
      "rejectionCriterion" : [
        {
          "coding" : [
            {
              "system" : "http://terminology.hl7.org/CodeSystem/rejection-criteria",
              "code" : "hemolized"
            }
          ],
          "text" : "blood specimen hemolized"
        },
        {
          "coding" : [
            {
              "system" : "http://terminology.hl7.org/CodeSystem/rejection-criteria",
              "code" : "insufficient"
            }
          ],
          "text" : "insufficient quantity of specimen"
        }
      ],
      "handling" : [
        {
          "temperatureQualifier" : {
            "text" : "room temperature or refrigerated"
          },
          "maxDuration" : {
            "value" : 7,
            "unit" : "day",
            "system" : "http://unitsofmeasure.org",
            "code" : "d"
          }
        },
        {
          "temperatureQualifier" : {
            "text" : "frozen"
          },
          "maxDuration" : {
            "value" : 28,
            "unit" : "day",
            "system" : "http://unitsofmeasure.org",
            "code" : "d"
          }
        }
      ]
    },
    {
      "type" : {
        "coding" : [
          {
            "system" : "http://terminology.hl7.org/CodeSystem/v2-0487",
            "code" : "PLAS",
            "display" : "Plasma"
          }
        ]
      },
      "preference" : "alternate",
      "container" : {
        "type" : {
          "coding" : [
            {
              "system" : "http://snomed.info/sct",
              "code" : "767390000",
              "display" : "Evacuated blood collection tube with heparin lithium and gel separator"
            }
          ]
        },
        "cap" : {
          "coding" : [
            {
              "system" : "http://terminology.hl7.org/CodeSystem/container-cap",
              "code" : "green"
            }
          ],
          "text" : "green cap"
        },
        "description" : "green cap plastic tube 5 mL",
        "capacity" : {
          "value" : 5,
          "unit" : "milliliter",
          "system" : "http://unitsofmeasure.org",
          "code" : "mL"
        },
        "minimumVolumeQuantity" : {
          "value" : 0.5,
          "unit" : "milliliter",
          "system" : "http://unitsofmeasure.org",
          "code" : "mL"
        }
      },
      "retentionTime" : {
        "value" : 24,
        "unit" : "hour",
        "system" : "http://unitsofmeasure.org",
        "code" : "h"
      },
      "rejectionCriterion" : [
        {
          "coding" : [
            {
              "system" : "http://terminology.hl7.org/CodeSystem/rejection-criteria",
              "code" : "hemolized"
            }
          ],
          "text" : "blood specimen hemolized"
        },
        {
          "coding" : [
            {
              "system" : "http://terminology.hl7.org/CodeSystem/rejection-criteria",
              "code" : "insufficient"
            }
          ],
          "text" : "insufficient quantity of specimen"
        }
      ],
      "handling" : [
        {
          "temperatureQualifier" : {
            "text" : "room temperature or refrigerated"
          },
          "maxDuration" : {
            "value" : 7,
            "unit" : "day",
            "system" : "http://unitsofmeasure.org",
            "code" : "d"
          }
        },
        {
          "temperatureQualifier" : {
            "text" : "frozen"
          },
          "maxDuration" : {
            "value" : 28,
            "unit" : "day",
            "system" : "http://unitsofmeasure.org",
            "code" : "d"
          }
        }
      ]
    }
  ]
}