{
  "resourceType": "StructureDefinition",
  "id": "Encounter-absence",
  "meta": {
    "lastUpdated": "2021-11-04T08:14:11.365+00:00"
  },
  "url": "http://omega.com/healthcare/fhir/StructureDefinition/Encounter-absence",
  "version": "SAP_ISH_R4_G2",
  "name": "Encounterabsence",
  "status": "active",
  "date": "2021-09-14T09:19:06.8887994+00:00",
  "fhirVersion": "4.0.1",
  "kind": "complex-type",
  "abstract": false,
  "context": [
    {
      "type": "element",
      "expression": "Encounter"
    }
  ],
  "type": "Extension",
  "baseDefinition": "http://hl7.org/fhir/StructureDefinition/Extension",
  "derivation": "constraint",
  "differential": {
    "element": [
      {
        "id": "Extension.extension",
        "path": "Extension.extension",
        "slicing": {
          "discriminator": [
            {
              "type": "value",
              "path": "url"
            }
          ],
          "rules": "open"
        },
        "min": 0
      },
      {
        "id": "Extension.extension:reason",
        "path": "Extension.extension",
        "sliceName": "reason",
        "min": 0,
        "max": "1"
      },
      {
        "id": "Extension.extension:reason.url",
        "path": "Extension.extension.url",
        "fixedUri": "reason"
      },
      {
        "id": "Extension.extension:reason.value[x]",
        "path": "Extension.extension.value[x]",
        "type": [
          {
            "code": "Coding"
          }
        ],
        "binding": {
          "strength": "example",
          "valueSet": "http://omega.com/healthcare/IS-H/fhir/ValueSet/encounter-absenceResason"
        }
      },
      {
        "id": "Extension.extension:period",
        "path": "Extension.extension",
        "sliceName": "period",
        "min": 0,
        "max": "1"
      },
      {
        "id": "Extension.extension:period.url",
        "path": "Extension.extension.url",
        "fixedUri": "period"
      },
      {
        "id": "Extension.extension:period.value[x]",
        "path": "Extension.extension.value[x]",
        "type": [
          {
            "code": "Period"
          }
        ]
      },
      {
        "id": "Extension.extension:plannedPeriod",
        "path": "Extension.extension",
        "sliceName": "plannedPeriod",
        "min": 0,
        "max": "1"
      },
      {
        "id": "Extension.extension:plannedPeriod.url",
        "path": "Extension.extension.url",
        "fixedUri": "plannedPeriod"
      },
      {
        "id": "Extension.extension:plannedPeriod.value[x]",
        "path": "Extension.extension.value[x]",
        "type": [
          {
            "code": "Period"
          }
        ]
      },
      {
        "id": "Extension.url",
        "path": "Extension.url",
        "fixedUri": "http://omega.com/healthcare/fhir/StructureDefinition/Encounter-absence"
      },
      {
        "id": "Extension.value[x]",
        "path": "Extension.value[x]",
        "max": "0"
      }
    ]
  }
}