{
  "resourceType": "ValueSet",
  "id": "orderingcodesV2",
  "url": "http://omega.com/healthcare/IS-H/fhir/ValueSet/orderingcodes/v2",
  "name": "Laboratory Universal Service Identifier",
  "title": "Laboratory Universal Service Identifier",
  "status": "active",
  "publisher": "Omega Laboratory Services",
  "contact": [
    {
      "name": "Oscar Makala",
      "telecom": [
        {
          "system": "email",
          "value": "makalaoscar@gmail.com",
          "use": "work"
        }
      ]
    }
  ],
  "compose": {
    "include": [
      {
        "system": "http://omega.com/healthcare/IS_H//fhir/orderingcodes",
        "concept": [
          {
            "code": "LAB296",
            "display": "Syphilis"
          },
          {
            "code": "LAB330",
            "display": "Urinalysis"
          }
        ]
      }
    ]
  }
}